{"cameraMode":{"drawMode":0,"name":"Shaded","section":"Shading Mode"},"sceneLighting":true,"audioPlay":false,"sceneViewState":{"showFog":true,"showMaterialUpdate":false,"showSkybox":true,"showFlares":true,"showImageEffects":true,"showParticleSystems":true},"in2DMode":false,"pivot":{"x":-136.69366455078126,"y":-52.07241439819336,"z":-66.99172973632813},"rotation":{"x":-0.09451982378959656,"y":0.8200455904006958,"z":-0.1418713480234146,"w":-0.5463380217552185},"size":177.32704162597657,"orthographic":false}