{"cameraMode":{"drawMode":0,"name":"Shaded","section":"Shading Mode"},"sceneLighting":true,"audioPlay":false,"sceneViewState":{"showFog":true,"showMaterialUpdate":false,"showSkybox":true,"showFlares":true,"showImageEffects":true,"showParticleSystems":true},"in2DMode":false,"pivot":{"x":-163.6064453125,"y":-92.97885131835938,"z":-9.570565223693848},"rotation":{"x":0.17802809178829194,"y":-0.6669872999191284,"z":0.16874301433563233,"w":0.7036014795303345},"size":235.33078002929688,"orthographic":false}